topic_label,AdMU,Benilde,dlsu,peyups
T00,54.400000000000006,6.0,20.4,19.1
T01,77.8,2.6,10.9,8.7
T02,79.2,5.6000000000000005,11.200000000000001,3.9
T03,51.800000000000004,6.2,14.099999999999998,27.900000000000002
T04,19.2,37.4,21.0,22.400000000000002
T05,75.9,0.6,9.4,14.099999999999998
T06,11.4,12.5,12.3,63.800000000000004
T07,48.3,18.3,12.3,21.099999999999998
T08,57.9,4.0,21.9,16.3
T09,45.4,13.600000000000001,15.4,25.6
T10,41.3,24.3,16.1,18.3
T11,82.69999999999999,2.1,9.2,6.1
T12,32.2,14.6,20.1,33.1
T13,26.8,25.1,20.4,27.6
T14,30.9,21.2,22.1,25.900000000000002
T15,66.2,5.7,15.2,12.8
T16,48.0,11.1,16.3,24.6
T17,46.300000000000004,13.600000000000001,16.8,23.3
T18,59.3,7.9,25.3,7.6
T19,33.800000000000004,15.8,22.6,27.900000000000002
